INSERT INTO roles (id, name) VALUES
	(1, 'user'),
	(2, 'admin'),
	(3, 'moderator'),
	(4, 'guest'),
	(5, 'organizer'),
	(6, 'vip'),
	(7, 'speaker'),
	(8, 'sponsor'),
	(9, 'reviewer'),
	(10, 'staff'),
	(11, 'editor'),
	(12, 'tester'),
	(13, 'manager'),
	(14, 'developer'),
	(15, 'designer'),
	(16, 'consultant'),
	(17, 'intern'),
	(18, 'lead'),
	(19, 'coordinator'),
	(20, 'assistant'),
	(21, 'analyst'),
	(22, 'director'),
	(23, 'producer'),
	(24, 'engineer'),
	(25, 'planner'),
	(26, 'controller'),
	(27, 'advisor'),
	(28, 'ambassador'),
	(29, 'consultant'),
	(30, 'observer')
	ON DUPLICATE KEY UPDATE name=VALUES(name);

INSERT INTO users (id, mail, password, created_at, update_at, isActive, roleId) VALUES
	(1, 'admin@admin.com', '$2y$10$wH8Qw6Qw6Qw6Qw6Qw6Qw6eQw6Qw6Qw6Qw6Qw6Qw6Qw6Qw6Qw6', '2025-09-25 10:00:00', '2025-09-25 10:00:00', 1, 2),
	(2, 'user@user.com', '$2y$10$abcdefabcdefabcdefabcdefabcdefabcdefabcdefabcdefabcdef', '2025-09-25 11:00:00', '2025-09-25 11:00:00', 1, 1),
	(3, 'mod1@site.com', '$2y$10$mod1mod1mod1mod1mod1mod1mod1mod1mod1mod1mod1mod1mod1', '2025-09-25 12:00:00', '2025-09-25 12:00:00', 1, 3),
	(4, 'guest1@site.com', '$2y$10$guest1guest1guest1guest1guest1guest1guest1guest1', '2025-09-25 13:00:00', '2025-09-25 13:00:00', 1, 4),
	(5, 'org1@site.com', '$2y$10$org1org1org1org1org1org1org1org1org1org1org1org1org1', '2025-09-25 14:00:00', '2025-09-25 14:00:00', 1, 5),
	(6, 'vip1@site.com', '$2y$10$vip1vip1vip1vip1vip1vip1vip1vip1vip1vip1vip1vip1vip1', '2025-09-25 15:00:00', '2025-09-25 15:00:00', 1, 6),
	(7, 'speaker1@site.com', '$2y$10$speaker1speaker1speaker1speaker1speaker1speaker1', '2025-09-25 16:00:00', '2025-09-25 16:00:00', 1, 7),
	(8, 'sponsor1@site.com', '$2y$10$sponsor1sponsor1sponsor1sponsor1sponsor1sponsor1', '2025-09-25 17:00:00', '2025-09-25 17:00:00', 1, 8),
	(9, 'reviewer1@site.com', '$2y$10$reviewer1reviewer1reviewer1reviewer1reviewer1', '2025-09-25 18:00:00', '2025-09-25 18:00:00', 1, 9),
	(10, 'staff1@site.com', '$2y$10$staff1staff1staff1staff1staff1staff1staff1staff1', '2025-09-25 19:00:00', '2025-09-25 19:00:00', 1, 10),
	(11, 'editor1@site.com', '$2y$10$editor1editor1editor1editor1editor1editor1editor1', '2025-09-25 20:00:00', '2025-09-25 20:00:00', 1, 11),
	(12, 'tester1@site.com', '$2y$10$tester1tester1tester1tester1tester1tester1tester1', '2025-09-25 21:00:00', '2025-09-25 21:00:00', 1, 12),
	(13, 'manager1@site.com', '$2y$10$manager1manager1manager1manager1manager1manager1', '2025-09-25 22:00:00', '2025-09-25 22:00:00', 1, 13),
	(14, 'developer1@site.com', '$2y$10$developer1developer1developer1developer1developer1', '2025-09-25 23:00:00', '2025-09-25 23:00:00', 1, 14),
	(15, 'designer1@site.com', '$2y$10$designer1designer1designer1designer1designer1', '2025-09-26 00:00:00', '2025-09-26 00:00:00', 1, 15),
	(16, 'consultant1@site.com', '$2y$10$consultant1consultant1consultant1consultant1', '2025-09-26 01:00:00', '2025-09-26 01:00:00', 1, 16),
	(17, 'intern1@site.com', '$2y$10$intern1intern1intern1intern1intern1intern1intern1', '2025-09-26 02:00:00', '2025-09-26 02:00:00', 1, 17),
	(18, 'lead1@site.com', '$2y$10$lead1lead1lead1lead1lead1lead1lead1lead1lead1', '2025-09-26 03:00:00', '2025-09-26 03:00:00', 1, 18),
	(19, 'coordinator1@site.com', '$2y$10$coordinator1coordinator1coordinator1coordinator1', '2025-09-26 04:00:00', '2025-09-26 04:00:00', 1, 19),
	(20, 'assistant1@site.com', '$2y$10$assistant1assistant1assistant1assistant1assistant1', '2025-09-26 05:00:00', '2025-09-26 05:00:00', 1, 20),
	(21, 'analyst1@site.com', '$2y$10$analyst1analyst1analyst1analyst1analyst1analyst1', '2025-09-26 06:00:00', '2025-09-26 06:00:00', 1, 21),
	(22, 'director1@site.com', '$2y$10$director1director1director1director1director1', '2025-09-26 07:00:00', '2025-09-26 07:00:00', 1, 22),
	(23, 'producer1@site.com', '$2y$10$producer1producer1producer1producer1producer1', '2025-09-26 08:00:00', '2025-09-26 08:00:00', 1, 23),
	(24, 'engineer1@site.com', '$2y$10$engineer1engineer1engineer1engineer1engineer1', '2025-09-26 09:00:00', '2025-09-26 09:00:00', 1, 24),
	(25, 'planner1@site.com', '$2y$10$planner1planner1planner1planner1planner1planner1', '2025-09-26 10:00:00', '2025-09-26 10:00:00', 1, 25),
	(26, 'controller1@site.com', '$2y$10$controller1controller1controller1controller1', '2025-09-26 11:00:00', '2025-09-26 11:00:00', 1, 26),
	(27, 'advisor1@site.com', '$2y$10$advisor1advisor1advisor1advisor1advisor1advisor1', '2025-09-26 12:00:00', '2025-09-26 12:00:00', 1, 27),
	(28, 'ambassador1@site.com', '$2y$10$ambassador1ambassador1ambassador1ambassador1', '2025-09-26 13:00:00', '2025-09-26 13:00:00', 1, 28),
	(29, 'consultant2@site.com', '$2y$10$consultant2consultant2consultant2consultant2', '2025-09-26 14:00:00', '2025-09-26 14:00:00', 1, 29),
	(30, 'observer1@site.com', '$2y$10$observer1observer1observer1observer1observer1', '2025-09-26 15:00:00', '2025-09-26 15:00:00', 1, 30)
	ON DUPLICATE KEY UPDATE mail=VALUES(mail), password=VALUES(password), created_at=VALUES(created_at), update_at=VALUES(update_at), isActive=VALUES(isActive), roleId=VALUES(roleId);

INSERT INTO profiles (id, firstName, lastName, pictures, description, userId) VALUES
	(1, 'Admin', 'User', 'admin.jpg', 'Administrator profile', 1),
	(2, 'Regular', 'User', 'user.jpg', 'Regular user profile', 2),
	(3, 'Mod', 'One', 'mod1.jpg', 'Moderator profile', 3),
	(4, 'Guest', 'One', 'guest1.jpg', 'Guest profile', 4),
	(5, 'Org', 'One', 'org1.jpg', 'Organizer profile', 5),
	(6, 'VIP', 'One', 'vip1.jpg', 'VIP profile', 6),
	(7, 'Speaker', 'One', 'speaker1.jpg', 'Speaker profile', 7),
	(8, 'Sponsor', 'One', 'sponsor1.jpg', 'Sponsor profile', 8),
	(9, 'Reviewer', 'One', 'reviewer1.jpg', 'Reviewer profile', 9),
	(10, 'Staff', 'One', 'staff1.jpg', 'Staff profile', 10),
	(11, 'Editor', 'One', 'editor1.jpg', 'Editor profile', 11),
	(12, 'Tester', 'One', 'tester1.jpg', 'Tester profile', 12),
	(13, 'Manager', 'One', 'manager1.jpg', 'Manager profile', 13),
	(14, 'Developer', 'One', 'developer1.jpg', 'Developer profile', 14),
	(15, 'Designer', 'One', 'designer1.jpg', 'Designer profile', 15),
	(16, 'Consultant', 'One', 'consultant1.jpg', 'Consultant profile', 16),
	(17, 'Intern', 'One', 'intern1.jpg', 'Intern profile', 17),
	(18, 'Lead', 'One', 'lead1.jpg', 'Lead profile', 18),
	(19, 'Coordinator', 'One', 'coordinator1.jpg', 'Coordinator profile', 19),
	(20, 'Assistant', 'One', 'assistant1.jpg', 'Assistant profile', 20),
	(21, 'Analyst', 'One', 'analyst1.jpg', 'Analyst profile', 21),
	(22, 'Director', 'One', 'director1.jpg', 'Director profile', 22),
	(23, 'Producer', 'One', 'producer1.jpg', 'Producer profile', 23),
	(24, 'Engineer', 'One', 'engineer1.jpg', 'Engineer profile', 24),
	(25, 'Planner', 'One', 'planner1.jpg', 'Planner profile', 25),
	(26, 'Controller', 'One', 'controller1.jpg', 'Controller profile', 26),
	(27, 'Advisor', 'One', 'advisor1.jpg', 'Advisor profile', 27),
	(28, 'Ambassador', 'One', 'ambassador1.jpg', 'Ambassador profile', 28),
	(29, 'Consultant', 'Two', 'consultant2.jpg', 'Consultant profile', 29),
	(30, 'Observer', 'One', 'observer1.jpg', 'Observer profile', 30)
	ON DUPLICATE KEY UPDATE firstName=VALUES(firstName), lastName=VALUES(lastName), pictures=VALUES(pictures), description=VALUES(description), userId=VALUES(userId);

INSERT INTO events (id, name, description, startDate, endDate, place, userId) VALUES
	(1, 'Launch Event', 'Project launch event', '2025-10-01 09:00:00', '2025-10-01 12:00:00', 'Main Hall', 1),
	(2, 'Workshop', 'Technical workshop', '2025-10-05 14:00:00', '2025-10-05 17:00:00', 'Room 101', 2),
	(3, 'Meetup', 'Community meetup', '2025-10-10 18:00:00', '2025-10-10 20:00:00', 'Cafe', 3),
	(4, 'Guest Talk', 'Guest speaker event', '2025-10-12 10:00:00', '2025-10-12 12:00:00', 'Auditorium', 4),
	(5, 'Organizer Briefing', 'Organizer meeting', '2025-10-13 09:00:00', '2025-10-13 10:00:00', 'Conference Room', 5),
	(6, 'VIP Dinner', 'Dinner for VIPs', '2025-10-14 19:00:00', '2025-10-14 21:00:00', 'Restaurant', 6),
	(7, 'Speaker Session', 'Session for speakers', '2025-10-15 11:00:00', '2025-10-15 13:00:00', 'Main Hall', 7),
	(8, 'Sponsor Expo', 'Sponsor exhibition', '2025-10-16 09:00:00', '2025-10-16 17:00:00', 'Expo Center', 8),
	(9, 'Review Panel', 'Panel for reviewers', '2025-10-17 14:00:00', '2025-10-17 16:00:00', 'Room 102', 9),
	(10, 'Staff Training', 'Training for staff', '2025-10-18 10:00:00', '2025-10-18 12:00:00', 'Training Room', 10),
	(11, 'Editorial Meeting', 'Meeting for editors', '2025-10-19 15:00:00', '2025-10-19 16:00:00', 'Meeting Room', 11),
	(12, 'Testing Session', 'Session for testers', '2025-10-20 13:00:00', '2025-10-20 15:00:00', 'Lab', 12),
	(13, 'Manager Review', 'Review for managers', '2025-10-21 09:00:00', '2025-10-21 11:00:00', 'Board Room', 13),
	(14, 'Dev Sprint', 'Sprint for developers', '2025-10-22 10:00:00', '2025-10-22 18:00:00', 'Dev Room', 14),
	(15, 'Design Workshop', 'Workshop for designers', '2025-10-23 14:00:00', '2025-10-23 17:00:00', 'Design Studio', 15),
	(16, 'Consultant Forum', 'Forum for consultants', '2025-10-24 16:00:00', '2025-10-24 18:00:00', 'Forum Hall', 16),
	(17, 'Intern Meetup', 'Meetup for interns', '2025-10-25 17:00:00', '2025-10-25 19:00:00', 'Cafe', 17),
	(18, 'Lead Conference', 'Conference for leads', '2025-10-26 09:00:00', '2025-10-26 12:00:00', 'Conference Hall', 18),
	(19, 'Coordinator Session', 'Session for coordinators', '2025-10-27 10:00:00', '2025-10-27 12:00:00', 'Session Room', 19),
	(20, 'Assistant Briefing', 'Briefing for assistants', '2025-10-28 11:00:00', '2025-10-28 12:00:00', 'Briefing Room', 20),
	(21, 'Analyst Review', 'Review for analysts', '2025-10-29 13:00:00', '2025-10-29 15:00:00', 'Review Room', 21),
	(22, 'Director Meeting', 'Meeting for directors', '2025-10-30 09:00:00', '2025-10-30 10:00:00', 'Director Room', 22),
	(23, 'Producer Panel', 'Panel for producers', '2025-10-31 14:00:00', '2025-10-31 16:00:00', 'Panel Room', 23),
	(24, 'Engineer Expo', 'Expo for engineers', '2025-11-01 09:00:00', '2025-11-01 17:00:00', 'Expo Center', 24),
	(25, 'Planner Workshop', 'Workshop for planners', '2025-11-02 10:00:00', '2025-11-02 12:00:00', 'Workshop Room', 25),
	(26, 'Controller Briefing', 'Briefing for controllers', '2025-11-03 11:00:00', '2025-11-03 12:00:00', 'Briefing Room', 26),
	(27, 'Advisor Forum', 'Forum for advisors', '2025-11-04 16:00:00', '2025-11-04 18:00:00', 'Forum Hall', 27),
	(28, 'Ambassador Meetup', 'Meetup for ambassadors', '2025-11-05 17:00:00', '2025-11-05 19:00:00', 'Cafe', 28),
	(29, 'Consultant Panel', 'Panel for consultants', '2025-11-06 14:00:00', '2025-11-06 16:00:00', 'Panel Room', 29),
	(30, 'Observer Session', 'Session for observers', '2025-11-07 10:00:00', '2025-11-07 12:00:00', 'Session Room', 30)
	ON DUPLICATE KEY UPDATE name=VALUES(name), description=VALUES(description), startDate=VALUES(startDate), endDate=VALUES(endDate), place=VALUES(place), userId=VALUES(userId);

INSERT INTO registrations (idUser, idEvent, createdAt, updateAt) VALUES
	(2, 1, '2025-09-25 12:00:00', '2025-09-25 12:00:00'),
	(2, 2, '2025-09-25 12:05:00', '2025-09-25 12:05:00'),
	(3, 3, '2025-09-25 12:10:00', '2025-09-25 12:10:00'),
	(4, 4, '2025-09-25 12:15:00', '2025-09-25 12:15:00'),
	(5, 5, '2025-09-25 12:20:00', '2025-09-25 12:20:00'),
	(6, 6, '2025-09-25 12:25:00', '2025-09-25 12:25:00'),
	(7, 7, '2025-09-25 12:30:00', '2025-09-25 12:30:00'),
	(8, 8, '2025-09-25 12:35:00', '2025-09-25 12:35:00'),
	(9, 9, '2025-09-25 12:40:00', '2025-09-25 12:40:00'),
	(10, 10, '2025-09-25 12:45:00', '2025-09-25 12:45:00'),
	(11, 11, '2025-09-25 12:50:00', '2025-09-25 12:50:00'),
	(12, 12, '2025-09-25 12:55:00', '2025-09-25 12:55:00'),
	(13, 13, '2025-09-25 13:00:00', '2025-09-25 13:00:00'),
	(14, 14, '2025-09-25 13:05:00', '2025-09-25 13:05:00'),
	(15, 15, '2025-09-25 13:10:00', '2025-09-25 13:10:00'),
	(16, 16, '2025-09-25 13:15:00', '2025-09-25 13:15:00'),
	(17, 17, '2025-09-25 13:20:00', '2025-09-25 13:20:00'),
	(18, 18, '2025-09-25 13:25:00', '2025-09-25 13:25:00'),
	(19, 19, '2025-09-25 13:30:00', '2025-09-25 13:30:00'),
	(20, 20, '2025-09-25 13:35:00', '2025-09-25 13:35:00'),
	(21, 21, '2025-09-25 13:40:00', '2025-09-25 13:40:00'),
	(22, 22, '2025-09-25 13:45:00', '2025-09-25 13:45:00'),
	(23, 23, '2025-09-25 13:50:00', '2025-09-25 13:50:00'),
	(24, 24, '2025-09-25 13:55:00', '2025-09-25 13:55:00'),
	(25, 25, '2025-09-25 14:00:00', '2025-09-25 14:00:00'),
	(26, 26, '2025-09-25 14:05:00', '2025-09-25 14:05:00'),
	(27, 27, '2025-09-25 14:10:00', '2025-09-25 14:10:00'),
	(28, 28, '2025-09-25 14:15:00', '2025-09-25 14:15:00'),
	(29, 29, '2025-09-25 14:20:00', '2025-09-25 14:20:00'),
	(30, 30, '2025-09-25 14:25:00', '2025-09-25 14:25:00')
	ON DUPLICATE KEY UPDATE createdAt=VALUES(createdAt), updateAt=VALUES(updateAt);

INSERT INTO wishlists (idUser, idEvent, createdAt, updateAt) VALUES
	(2, 1, '2025-09-25 13:00:00', '2025-09-25 13:00:00'),
	(2, 2, '2025-09-25 13:05:00', '2025-09-25 13:05:00'),
	(3, 3, '2025-09-25 13:10:00', '2025-09-25 13:10:00'),
	(4, 4, '2025-09-25 13:15:00', '2025-09-25 13:15:00'),
	(5, 5, '2025-09-25 13:20:00', '2025-09-25 13:20:00'),
	(6, 6, '2025-09-25 13:25:00', '2025-09-25 13:25:00'),
	(7, 7, '2025-09-25 13:30:00', '2025-09-25 13:30:00'),
	(8, 8, '2025-09-25 13:35:00', '2025-09-25 13:35:00'),
	(9, 9, '2025-09-25 13:40:00', '2025-09-25 13:40:00'),
	(10, 10, '2025-09-25 13:45:00', '2025-09-25 13:45:00'),
	(11, 11, '2025-09-25 13:50:00', '2025-09-25 13:50:00'),
	(12, 12, '2025-09-25 13:55:00', '2025-09-25 13:55:00'),
	(13, 13, '2025-09-25 14:00:00', '2025-09-25 14:00:00'),
	(14, 14, '2025-09-25 14:05:00', '2025-09-25 14:05:00'),
	(15, 15, '2025-09-25 14:10:00', '2025-09-25 14:10:00'),
	(16, 16, '2025-09-25 14:15:00', '2025-09-25 14:15:00'),
	(17, 17, '2025-09-25 14:20:00', '2025-09-25 14:20:00'),
	(18, 18, '2025-09-25 14:25:00', '2025-09-25 14:25:00'),
	(19, 19, '2025-09-25 14:30:00', '2025-09-25 14:30:00'),
	(20, 20, '2025-09-25 14:35:00', '2025-09-25 14:35:00'),
	(21, 21, '2025-09-25 14:40:00', '2025-09-25 14:40:00'),
	(22, 22, '2025-09-25 14:45:00', '2025-09-25 14:45:00'),
	(23, 23, '2025-09-25 14:50:00', '2025-09-25 14:50:00'),
	(24, 24, '2025-09-25 14:55:00', '2025-09-25 14:55:00'),
	(25, 25, '2025-09-25 15:00:00', '2025-09-25 15:00:00'),
	(26, 26, '2025-09-25 15:05:00', '2025-09-25 15:05:00'),
	(27, 27, '2025-09-25 15:10:00', '2025-09-25 15:10:00'),
	(28, 28, '2025-09-25 15:15:00', '2025-09-25 15:15:00'),
	(29, 29, '2025-09-25 15:20:00', '2025-09-25 15:20:00'),
	(30, 30, '2025-09-25 15:25:00', '2025-09-25 15:25:00')
	ON DUPLICATE KEY UPDATE createdAt=VALUES(createdAt), updateAt=VALUES(updateAt);
